Type,JS,Precision,Recall,F1,CS,SS,RBO,MeanPCS,MaxPCS,KT,NKT
High Keyness,0.01269185360094451,0.01526446574369897,0.07003257328990228,0.025065578548528124,0.03905754937169624,0.9336886,6.883252814546266e-10,0.21310827,1.0000007,0.3776301218161683,0.6888150609080841
