Type,JS,Precision,Recall,F1,CS,SS,RBO,MeanPCS,MaxPCS,KT,NKT
Low Keyness,0.014983164983164984,0.016798791996979992,0.12175102599179206,0.029523967490462766,0.09054871642664299,0.9703958,1.0731413111348289e-09,0.21941563,1.000001,0.10623084780388152,0.5531154239019408
