Type,JS,Precision,Recall,F1,CS,SS,RBO,MeanPCS,MaxPCS,KT,NKT
Low Keyness,0.005549389567147614,0.007082152974504249,0.025,0.011037527593818985,0.07433467286992156,0.9434545,4.096124121471656e-12,0.22901176,1.0000004,0.6,0.8
