Type,JS,Precision,Recall,F1,CS,SS,RBO,MeanPCS,MaxPCS,KT,NKT
Low Keyness,0.030665224445646296,0.033352941176470585,0.27564414195430237,0.05950569344597785,0.1524200326188664,0.9756232,1.538238544343613e-07,0.2131857,1.0000007,0.19838465421504292,0.5991923271075215
