Type,JS,Precision,Recall,F1,CS,SS,RBO,MeanPCS,MaxPCS,KT,NKT
High Keyness,0.015023035320825266,0.016772269847185987,0.1259093452714046,0.02960136824102092,0.08608405465861953,0.96362984,9.070081621370934e-15,0.21129026,1.0000008,0.17230158730158732,0.5861507936507937
