Type,JS,Precision,Recall,F1,CS,SS,RBO,MeanPCS,MaxPCS,KT,NKT
High Keyness,0.009953343701399688,0.011359602413915513,0.07441860465116279,0.01971050200184786,0.04379059420410112,0.9333079,7.008168765317525e-10,0.21533345,1.0000007,0.4717741935483871,0.7358870967741935
