Type,JS,Precision,Recall,F1,CS,SS,RBO,MeanPCS,MaxPCS,KT,NKT
Low Keyness,0.013176144244105409,0.014345035862589657,0.1391941391941392,0.026009582477754964,0.08072670032119819,0.9689431,1.8046741422047987e-10,0.22302683,1.0000007,0.3529824561403509,0.6764912280701755
