Type,JS,Precision,Recall,F1,CS,SS,RBO,MeanPCS,MaxPCS,KT,NKT
Low Keyness,0.013513513513513514,0.0169971671388102,0.061855670103092786,0.026666666666666672,0.0888554036252606,0.89990866,1.4696017939568837e-07,0.22859335,1.0000006,0.3636363636363636,0.6818181818181818
