Type,JS,Precision,Recall,F1,CS,SS,RBO,MeanPCS,MaxPCS,KT,NKT
High Keyness,0.012132556849694952,0.013045098770033545,0.14780405405405406,0.023974244811288445,0.07889140372943647,0.9670693,6.182544591205584e-08,0.21142934,1.0000008,0.1863382594417077,0.5931691297208539
