Type,JS,Precision,Recall,F1,CS,SS,RBO,MeanPCS,MaxPCS,KT,NKT
Low Keyness,0.022580822823153605,0.02411764705882353,0.2616464582003829,0.04416437765928798,0.1549759402855862,0.97753954,1.1184991812020381e-07,0.21436132,1.0000008,0.24897131611902917,0.6244856580595146
